group	fill	showSelectedlegendfill
1	#D95F02	test
2	#FFFFFF	unused
3	#1B9E77	train
4	#FFFFFF	unused
5	#1B9E77	train
6	#1B9E77	train
7	#D95F02	test
8	#1B9E77	train
9	#1B9E77	train
10	#FFFFFF	unused
11	#D95F02	test
12	#1B9E77	train
13	#D95F02	test
14	#1B9E77	train
15	#D95F02	test
16	#1B9E77	train
17	#1B9E77	train
18	#FFFFFF	unused
19	#D95F02	test
20	#D95F02	test
21	#FFFFFF	unused
22	#D95F02	test
23	#D95F02	test
24	#D95F02	test
25	#1B9E77	train
26	#1B9E77	train
27	#1B9E77	train
28	#1B9E77	train
29	#1B9E77	train
30	#1B9E77	train
31	#FFFFFF	unused
32	#1B9E77	train
33	#FFFFFF	unused
34	#FFFFFF	unused
35	#D95F02	test
36	#FFFFFF	unused
37	#FFFFFF	unused
38	#FFFFFF	unused
39	#D95F02	test
40	#D95F02	test
41	#1B9E77	train
42	#1B9E77	train
43	#D95F02	test
44	#D95F02	test
45	#FFFFFF	unused
46	#FFFFFF	unused
47	#FFFFFF	unused
48	#1B9E77	train
49	#FFFFFF	unused
50	#FFFFFF	unused
51	#1B9E77	train
52	#1B9E77	train
53	#FFFFFF	unused
54	#D95F02	test
55	#D95F02	test
56	#D95F02	test
57	#FFFFFF	unused
58	#1B9E77	train
59	#D95F02	test
60	#FFFFFF	unused
61	#FFFFFF	unused
62	#FFFFFF	unused
63	#FFFFFF	unused
64	#FFFFFF	unused
65	#D95F02	test
66	#1B9E77	train
67	#D95F02	test
68	#D95F02	test
69	#1B9E77	train
70	#1B9E77	train
71	#FFFFFF	unused
72	#D95F02	test
73	#1B9E77	train
74	#FFFFFF	unused
75	#D95F02	test
76	#FFFFFF	unused
77	#FFFFFF	unused
78	#FFFFFF	unused
79	#1B9E77	train
80	#1B9E77	train
81	#1B9E77	train
82	#1B9E77	train
83	#FFFFFF	unused
84	#D95F02	test
85	#D95F02	test
86	#FFFFFF	unused
87	#1B9E77	train
88	#1B9E77	train
89	#D95F02	test
90	#FFFFFF	unused
91	#D95F02	test
92	#1B9E77	train
93	#D95F02	test
94	#D95F02	test
95	#1B9E77	train
96	#1B9E77	train
97	#FFFFFF	unused
98	#1B9E77	train
99	#1B9E77	train
100	#1B9E77	train
101	#D95F02	test
102	#1B9E77	train
103	#FFFFFF	unused
104	#D95F02	test
105	#1B9E77	train
106	#D95F02	test
107	#D95F02	test
108	#D95F02	test
109	#1B9E77	train
110	#D95F02	test
111	#1B9E77	train
112	#D95F02	test
113	#FFFFFF	unused
114	#1B9E77	train
115	#1B9E77	train
116	#D95F02	test
117	#FFFFFF	unused
118	#FFFFFF	unused
119	#D95F02	test
120	#FFFFFF	unused
121	#FFFFFF	unused
122	#FFFFFF	unused
123	#D95F02	test
124	#FFFFFF	unused
125	#D95F02	test
126	#D95F02	test
127	#FFFFFF	unused
128	#FFFFFF	unused
129	#1B9E77	train
130	#D95F02	test
131	#D95F02	test
132	#D95F02	test
133	#D95F02	test
134	#D95F02	test
135	#1B9E77	train
136	#FFFFFF	unused
137	#D95F02	test
138	#FFFFFF	unused
139	#1B9E77	train
140	#FFFFFF	unused
141	#D95F02	test
142	#FFFFFF	unused
143	#1B9E77	train
144	#D95F02	test
145	#1B9E77	train
146	#D95F02	test
147	#FFFFFF	unused
148	#FFFFFF	unused
149	#FFFFFF	unused
150	#1B9E77	train
151	#FFFFFF	unused
152	#D95F02	test
153	#1B9E77	train
154	#1B9E77	train
155	#FFFFFF	unused
156	#D95F02	test
157	#1B9E77	train
158	#1B9E77	train
159	#D95F02	test
160	#1B9E77	train
161	#1B9E77	train
162	#D95F02	test
163	#1B9E77	train
164	#FFFFFF	unused
165	#D95F02	test
166	#FFFFFF	unused
167	#D95F02	test
168	#1B9E77	train
169	#D95F02	test
170	#D95F02	test
171	#FFFFFF	unused
172	#FFFFFF	unused
173	#D95F02	test
174	#1B9E77	train
175	#D95F02	test
176	#FFFFFF	unused
177	#1B9E77	train
178	#D95F02	test
179	#1B9E77	train
180	#1B9E77	train
181	#FFFFFF	unused
182	#1B9E77	train
183	#FFFFFF	unused
184	#FFFFFF	unused
185	#FFFFFF	unused
186	#FFFFFF	unused
187	#D95F02	test
188	#FFFFFF	unused
189	#1B9E77	train
190	#D95F02	test
191	#D95F02	test
192	#D95F02	test
193	#1B9E77	train
194	#1B9E77	train
195	#FFFFFF	unused
196	#1B9E77	train
197	#1B9E77	train
198	#1B9E77	train
199	#D95F02	test
200	#FFFFFF	unused
201	#FFFFFF	unused
202	#1B9E77	train
203	#D95F02	test
204	#1B9E77	train
205	#D95F02	test
206	#1B9E77	train
207	#D95F02	test
208	#1B9E77	train
209	#D95F02	test
210	#FFFFFF	unused
211	#1B9E77	train
212	#D95F02	test
213	#D95F02	test
214	#D95F02	test
215	#D95F02	test
216	#FFFFFF	unused
217	#1B9E77	train
218	#1B9E77	train
219	#D95F02	test
220	#1B9E77	train
221	#1B9E77	train
222	#D95F02	test
223	#FFFFFF	unused
224	#D95F02	test
225	#FFFFFF	unused
226	#D95F02	test
227	#FFFFFF	unused
228	#D95F02	test
229	#1B9E77	train
230	#FFFFFF	unused
231	#1B9E77	train
232	#FFFFFF	unused
233	#1B9E77	train
234	#1B9E77	train
235	#D95F02	test
236	#D95F02	test
237	#FFFFFF	unused
238	#1B9E77	train
239	#1B9E77	train
240	#FFFFFF	unused
241	#1B9E77	train
242	#1B9E77	train
243	#1B9E77	train
244	#1B9E77	train
245	#1B9E77	train
246	#D95F02	test
247	#D95F02	test
248	#FFFFFF	unused
249	#1B9E77	train
250	#1B9E77	train
251	#D95F02	test
252	#FFFFFF	unused
253	#1B9E77	train
254	#1B9E77	train
255	#FFFFFF	unused
256	#D95F02	test
257	#D95F02	test
258	#D95F02	test
259	#FFFFFF	unused
260	#FFFFFF	unused
261	#1B9E77	train
262	#1B9E77	train
263	#FFFFFF	unused
264	#D95F02	test
265	#D95F02	test
266	#D95F02	test
267	#FFFFFF	unused
268	#FFFFFF	unused
269	#D95F02	test
270	#FFFFFF	unused
271	#D95F02	test
272	#1B9E77	train
273	#1B9E77	train
274	#1B9E77	train
275	#D95F02	test
276	#D95F02	test
277	#1B9E77	train
278	#1B9E77	train
279	#D95F02	test
280	#FFFFFF	unused
281	#FFFFFF	unused
282	#1B9E77	train
283	#1B9E77	train
284	#FFFFFF	unused
285	#1B9E77	train
286	#FFFFFF	unused
287	#FFFFFF	unused
288	#1B9E77	train
289	#FFFFFF	unused
290	#1B9E77	train
291	#1B9E77	train
292	#D95F02	test
293	#FFFFFF	unused
294	#D95F02	test
295	#1B9E77	train
296	#1B9E77	train
297	#D95F02	test
298	#D95F02	test
299	#1B9E77	train
300	#1B9E77	train
301	#D95F02	test
302	#FFFFFF	unused
303	#1B9E77	train
304	#FFFFFF	unused
305	#1B9E77	train
306	#1B9E77	train
307	#D95F02	test
308	#1B9E77	train
309	#1B9E77	train
310	#FFFFFF	unused
311	#D95F02	test
312	#1B9E77	train
313	#D95F02	test
314	#1B9E77	train
315	#D95F02	test
316	#1B9E77	train
317	#1B9E77	train
318	#FFFFFF	unused
319	#D95F02	test
320	#D95F02	test
321	#FFFFFF	unused
322	#D95F02	test
323	#D95F02	test
324	#D95F02	test
325	#1B9E77	train
326	#1B9E77	train
327	#1B9E77	train
328	#1B9E77	train
329	#1B9E77	train
330	#1B9E77	train
331	#FFFFFF	unused
332	#1B9E77	train
333	#FFFFFF	unused
334	#FFFFFF	unused
335	#D95F02	test
336	#FFFFFF	unused
337	#FFFFFF	unused
338	#FFFFFF	unused
339	#D95F02	test
340	#D95F02	test
341	#1B9E77	train
342	#1B9E77	train
343	#D95F02	test
344	#D95F02	test
345	#FFFFFF	unused
346	#FFFFFF	unused
347	#FFFFFF	unused
348	#1B9E77	train
349	#FFFFFF	unused
350	#FFFFFF	unused
351	#1B9E77	train
352	#1B9E77	train
353	#FFFFFF	unused
354	#D95F02	test
355	#D95F02	test
356	#D95F02	test
357	#FFFFFF	unused
358	#1B9E77	train
359	#D95F02	test
360	#FFFFFF	unused
361	#FFFFFF	unused
362	#FFFFFF	unused
363	#FFFFFF	unused
364	#FFFFFF	unused
365	#D95F02	test
366	#1B9E77	train
367	#D95F02	test
368	#D95F02	test
369	#1B9E77	train
370	#1B9E77	train
371	#FFFFFF	unused
372	#D95F02	test
373	#1B9E77	train
374	#FFFFFF	unused
375	#D95F02	test
376	#FFFFFF	unused
377	#FFFFFF	unused
378	#FFFFFF	unused
379	#1B9E77	train
380	#1B9E77	train
381	#1B9E77	train
382	#1B9E77	train
383	#FFFFFF	unused
384	#D95F02	test
385	#D95F02	test
386	#FFFFFF	unused
387	#1B9E77	train
388	#1B9E77	train
389	#D95F02	test
390	#FFFFFF	unused
391	#D95F02	test
392	#1B9E77	train
393	#D95F02	test
394	#D95F02	test
395	#1B9E77	train
396	#1B9E77	train
397	#FFFFFF	unused
398	#1B9E77	train
399	#1B9E77	train
400	#1B9E77	train
401	#D95F02	test
402	#1B9E77	train
403	#FFFFFF	unused
404	#D95F02	test
405	#1B9E77	train
406	#D95F02	test
407	#D95F02	test
408	#D95F02	test
409	#1B9E77	train
410	#D95F02	test
411	#1B9E77	train
412	#D95F02	test
413	#FFFFFF	unused
414	#1B9E77	train
415	#1B9E77	train
416	#D95F02	test
417	#FFFFFF	unused
418	#FFFFFF	unused
419	#D95F02	test
420	#FFFFFF	unused
421	#FFFFFF	unused
422	#FFFFFF	unused
423	#D95F02	test
424	#FFFFFF	unused
425	#D95F02	test
426	#D95F02	test
427	#FFFFFF	unused
428	#FFFFFF	unused
429	#1B9E77	train
430	#D95F02	test
431	#D95F02	test
432	#D95F02	test
433	#D95F02	test
434	#D95F02	test
435	#1B9E77	train
436	#FFFFFF	unused
437	#D95F02	test
438	#FFFFFF	unused
439	#1B9E77	train
440	#FFFFFF	unused
441	#D95F02	test
442	#FFFFFF	unused
443	#1B9E77	train
444	#D95F02	test
445	#1B9E77	train
446	#D95F02	test
447	#FFFFFF	unused
448	#FFFFFF	unused
449	#FFFFFF	unused
450	#1B9E77	train
451	#FFFFFF	unused
452	#D95F02	test
453	#1B9E77	train
454	#1B9E77	train
455	#FFFFFF	unused
456	#D95F02	test
457	#1B9E77	train
458	#1B9E77	train
459	#D95F02	test
460	#1B9E77	train
461	#1B9E77	train
462	#D95F02	test
463	#1B9E77	train
464	#FFFFFF	unused
465	#D95F02	test
466	#FFFFFF	unused
467	#D95F02	test
468	#1B9E77	train
469	#D95F02	test
470	#D95F02	test
471	#FFFFFF	unused
472	#FFFFFF	unused
473	#D95F02	test
474	#1B9E77	train
475	#D95F02	test
476	#FFFFFF	unused
477	#1B9E77	train
478	#D95F02	test
479	#1B9E77	train
480	#1B9E77	train
481	#FFFFFF	unused
482	#1B9E77	train
483	#FFFFFF	unused
484	#FFFFFF	unused
485	#FFFFFF	unused
486	#FFFFFF	unused
487	#D95F02	test
488	#FFFFFF	unused
489	#1B9E77	train
490	#D95F02	test
491	#D95F02	test
492	#D95F02	test
493	#1B9E77	train
494	#1B9E77	train
495	#FFFFFF	unused
496	#1B9E77	train
497	#1B9E77	train
498	#1B9E77	train
499	#D95F02	test
500	#FFFFFF	unused
501	#FFFFFF	unused
502	#1B9E77	train
503	#D95F02	test
504	#1B9E77	train
505	#D95F02	test
506	#1B9E77	train
507	#D95F02	test
508	#1B9E77	train
509	#D95F02	test
510	#FFFFFF	unused
511	#1B9E77	train
512	#D95F02	test
513	#D95F02	test
514	#D95F02	test
515	#D95F02	test
516	#FFFFFF	unused
517	#1B9E77	train
518	#1B9E77	train
519	#D95F02	test
520	#1B9E77	train
521	#1B9E77	train
522	#D95F02	test
523	#FFFFFF	unused
524	#D95F02	test
525	#FFFFFF	unused
526	#D95F02	test
527	#FFFFFF	unused
528	#D95F02	test
529	#1B9E77	train
530	#FFFFFF	unused
531	#1B9E77	train
532	#FFFFFF	unused
533	#1B9E77	train
534	#1B9E77	train
535	#D95F02	test
536	#D95F02	test
537	#FFFFFF	unused
538	#1B9E77	train
539	#1B9E77	train
540	#FFFFFF	unused
541	#1B9E77	train
542	#1B9E77	train
543	#1B9E77	train
544	#1B9E77	train
545	#1B9E77	train
546	#D95F02	test
547	#D95F02	test
548	#FFFFFF	unused
549	#1B9E77	train
550	#1B9E77	train
551	#D95F02	test
552	#FFFFFF	unused
553	#1B9E77	train
554	#1B9E77	train
555	#FFFFFF	unused
556	#D95F02	test
557	#D95F02	test
558	#D95F02	test
559	#FFFFFF	unused
560	#FFFFFF	unused
561	#1B9E77	train
562	#1B9E77	train
563	#FFFFFF	unused
564	#D95F02	test
565	#D95F02	test
566	#D95F02	test
567	#FFFFFF	unused
568	#FFFFFF	unused
569	#D95F02	test
570	#FFFFFF	unused
571	#D95F02	test
572	#1B9E77	train
573	#1B9E77	train
574	#1B9E77	train
575	#D95F02	test
576	#D95F02	test
577	#1B9E77	train
578	#1B9E77	train
579	#D95F02	test
580	#FFFFFF	unused
581	#FFFFFF	unused
582	#1B9E77	train
583	#1B9E77	train
584	#FFFFFF	unused
585	#1B9E77	train
586	#FFFFFF	unused
587	#FFFFFF	unused
588	#1B9E77	train
589	#FFFFFF	unused
590	#1B9E77	train
591	#1B9E77	train
592	#D95F02	test
593	#FFFFFF	unused
594	#D95F02	test
595	#1B9E77	train
596	#1B9E77	train
597	#D95F02	test
598	#D95F02	test
599	#1B9E77	train
600	#1B9E77	train
601	#D95F02	test
602	#FFFFFF	unused
603	#1B9E77	train
604	#FFFFFF	unused
605	#1B9E77	train
606	#1B9E77	train
607	#D95F02	test
608	#1B9E77	train
609	#1B9E77	train
610	#FFFFFF	unused
611	#D95F02	test
612	#1B9E77	train
613	#D95F02	test
614	#1B9E77	train
615	#D95F02	test
616	#1B9E77	train
617	#1B9E77	train
618	#FFFFFF	unused
619	#D95F02	test
620	#D95F02	test
621	#FFFFFF	unused
622	#D95F02	test
623	#D95F02	test
624	#D95F02	test
625	#1B9E77	train
626	#1B9E77	train
627	#1B9E77	train
628	#1B9E77	train
629	#1B9E77	train
630	#1B9E77	train
631	#FFFFFF	unused
632	#1B9E77	train
633	#FFFFFF	unused
634	#FFFFFF	unused
635	#D95F02	test
636	#FFFFFF	unused
637	#FFFFFF	unused
638	#FFFFFF	unused
639	#D95F02	test
640	#D95F02	test
641	#1B9E77	train
642	#1B9E77	train
643	#D95F02	test
644	#D95F02	test
645	#FFFFFF	unused
646	#FFFFFF	unused
647	#FFFFFF	unused
648	#1B9E77	train
649	#FFFFFF	unused
650	#FFFFFF	unused
651	#1B9E77	train
652	#1B9E77	train
653	#FFFFFF	unused
654	#D95F02	test
655	#D95F02	test
656	#D95F02	test
657	#FFFFFF	unused
658	#1B9E77	train
659	#D95F02	test
660	#FFFFFF	unused
661	#FFFFFF	unused
662	#FFFFFF	unused
663	#FFFFFF	unused
664	#FFFFFF	unused
665	#D95F02	test
666	#1B9E77	train
667	#D95F02	test
668	#D95F02	test
669	#1B9E77	train
670	#1B9E77	train
671	#FFFFFF	unused
672	#D95F02	test
673	#1B9E77	train
674	#FFFFFF	unused
675	#D95F02	test
676	#FFFFFF	unused
677	#FFFFFF	unused
678	#FFFFFF	unused
679	#1B9E77	train
680	#1B9E77	train
681	#1B9E77	train
682	#1B9E77	train
683	#FFFFFF	unused
684	#D95F02	test
685	#D95F02	test
686	#FFFFFF	unused
687	#1B9E77	train
688	#1B9E77	train
689	#D95F02	test
690	#FFFFFF	unused
691	#D95F02	test
692	#1B9E77	train
693	#D95F02	test
694	#D95F02	test
695	#1B9E77	train
696	#1B9E77	train
697	#FFFFFF	unused
698	#1B9E77	train
699	#1B9E77	train
700	#1B9E77	train
701	#D95F02	test
702	#1B9E77	train
703	#FFFFFF	unused
704	#D95F02	test
705	#1B9E77	train
706	#D95F02	test
707	#D95F02	test
708	#D95F02	test
709	#1B9E77	train
710	#D95F02	test
711	#1B9E77	train
712	#D95F02	test
713	#FFFFFF	unused
714	#1B9E77	train
715	#1B9E77	train
716	#D95F02	test
717	#FFFFFF	unused
718	#FFFFFF	unused
719	#D95F02	test
720	#FFFFFF	unused
721	#FFFFFF	unused
722	#FFFFFF	unused
723	#D95F02	test
724	#FFFFFF	unused
725	#D95F02	test
726	#D95F02	test
727	#FFFFFF	unused
728	#FFFFFF	unused
729	#1B9E77	train
730	#D95F02	test
731	#D95F02	test
732	#D95F02	test
733	#D95F02	test
734	#D95F02	test
735	#1B9E77	train
736	#FFFFFF	unused
737	#D95F02	test
738	#FFFFFF	unused
739	#1B9E77	train
740	#FFFFFF	unused
741	#D95F02	test
742	#FFFFFF	unused
743	#1B9E77	train
744	#D95F02	test
745	#1B9E77	train
746	#D95F02	test
747	#FFFFFF	unused
748	#FFFFFF	unused
749	#FFFFFF	unused
750	#1B9E77	train
751	#FFFFFF	unused
752	#D95F02	test
753	#1B9E77	train
754	#1B9E77	train
755	#FFFFFF	unused
756	#D95F02	test
757	#1B9E77	train
758	#1B9E77	train
759	#D95F02	test
760	#1B9E77	train
761	#1B9E77	train
762	#D95F02	test
763	#1B9E77	train
764	#FFFFFF	unused
765	#D95F02	test
766	#FFFFFF	unused
767	#D95F02	test
768	#1B9E77	train
769	#D95F02	test
770	#D95F02	test
771	#FFFFFF	unused
772	#FFFFFF	unused
773	#D95F02	test
774	#1B9E77	train
775	#D95F02	test
776	#FFFFFF	unused
777	#1B9E77	train
778	#D95F02	test
779	#1B9E77	train
780	#1B9E77	train
781	#FFFFFF	unused
782	#1B9E77	train
783	#FFFFFF	unused
784	#FFFFFF	unused
785	#FFFFFF	unused
786	#FFFFFF	unused
787	#D95F02	test
788	#FFFFFF	unused
789	#1B9E77	train
790	#D95F02	test
791	#D95F02	test
792	#D95F02	test
793	#1B9E77	train
794	#1B9E77	train
795	#FFFFFF	unused
796	#1B9E77	train
797	#1B9E77	train
798	#1B9E77	train
799	#D95F02	test
800	#FFFFFF	unused
801	#FFFFFF	unused
802	#1B9E77	train
803	#D95F02	test
804	#1B9E77	train
805	#D95F02	test
806	#1B9E77	train
807	#D95F02	test
808	#1B9E77	train
809	#D95F02	test
810	#FFFFFF	unused
811	#1B9E77	train
812	#D95F02	test
813	#D95F02	test
814	#D95F02	test
815	#D95F02	test
816	#FFFFFF	unused
817	#1B9E77	train
818	#1B9E77	train
819	#D95F02	test
820	#1B9E77	train
821	#1B9E77	train
822	#D95F02	test
823	#FFFFFF	unused
824	#D95F02	test
825	#FFFFFF	unused
826	#D95F02	test
827	#FFFFFF	unused
828	#D95F02	test
829	#1B9E77	train
830	#FFFFFF	unused
831	#1B9E77	train
832	#FFFFFF	unused
833	#1B9E77	train
834	#1B9E77	train
835	#D95F02	test
836	#D95F02	test
837	#FFFFFF	unused
838	#1B9E77	train
839	#1B9E77	train
840	#FFFFFF	unused
841	#1B9E77	train
842	#1B9E77	train
843	#1B9E77	train
844	#1B9E77	train
845	#1B9E77	train
846	#D95F02	test
847	#D95F02	test
848	#FFFFFF	unused
849	#1B9E77	train
850	#1B9E77	train
851	#D95F02	test
852	#FFFFFF	unused
853	#1B9E77	train
854	#1B9E77	train
855	#FFFFFF	unused
856	#D95F02	test
857	#D95F02	test
858	#D95F02	test
859	#FFFFFF	unused
860	#FFFFFF	unused
861	#1B9E77	train
862	#1B9E77	train
863	#FFFFFF	unused
864	#D95F02	test
865	#D95F02	test
866	#D95F02	test
867	#FFFFFF	unused
868	#FFFFFF	unused
869	#D95F02	test
870	#FFFFFF	unused
871	#D95F02	test
872	#1B9E77	train
873	#1B9E77	train
874	#1B9E77	train
875	#D95F02	test
876	#D95F02	test
877	#1B9E77	train
878	#1B9E77	train
879	#D95F02	test
880	#FFFFFF	unused
881	#FFFFFF	unused
882	#1B9E77	train
883	#1B9E77	train
884	#FFFFFF	unused
885	#1B9E77	train
886	#FFFFFF	unused
887	#FFFFFF	unused
888	#1B9E77	train
889	#FFFFFF	unused
890	#1B9E77	train
891	#1B9E77	train
892	#D95F02	test
893	#FFFFFF	unused
894	#D95F02	test
895	#1B9E77	train
896	#1B9E77	train
897	#D95F02	test
898	#D95F02	test
899	#1B9E77	train
900	#1B9E77	train
901	#D95F02	test
902	#FFFFFF	unused
903	#1B9E77	train
904	#FFFFFF	unused
905	#1B9E77	train
906	#1B9E77	train
907	#D95F02	test
908	#1B9E77	train
909	#1B9E77	train
910	#FFFFFF	unused
911	#D95F02	test
912	#1B9E77	train
913	#D95F02	test
914	#1B9E77	train
915	#D95F02	test
916	#1B9E77	train
917	#1B9E77	train
918	#FFFFFF	unused
919	#D95F02	test
920	#D95F02	test
921	#FFFFFF	unused
922	#D95F02	test
923	#D95F02	test
924	#D95F02	test
925	#1B9E77	train
926	#1B9E77	train
927	#1B9E77	train
928	#1B9E77	train
929	#1B9E77	train
930	#1B9E77	train
931	#FFFFFF	unused
932	#1B9E77	train
933	#FFFFFF	unused
934	#FFFFFF	unused
935	#D95F02	test
936	#FFFFFF	unused
937	#FFFFFF	unused
938	#FFFFFF	unused
939	#D95F02	test
940	#D95F02	test
941	#1B9E77	train
942	#1B9E77	train
943	#D95F02	test
944	#D95F02	test
945	#FFFFFF	unused
946	#FFFFFF	unused
947	#FFFFFF	unused
948	#1B9E77	train
949	#FFFFFF	unused
950	#FFFFFF	unused
951	#1B9E77	train
952	#1B9E77	train
953	#FFFFFF	unused
954	#D95F02	test
955	#D95F02	test
956	#D95F02	test
957	#FFFFFF	unused
958	#1B9E77	train
959	#D95F02	test
960	#FFFFFF	unused
961	#FFFFFF	unused
962	#FFFFFF	unused
963	#FFFFFF	unused
964	#FFFFFF	unused
965	#D95F02	test
966	#1B9E77	train
967	#D95F02	test
968	#D95F02	test
969	#1B9E77	train
970	#1B9E77	train
971	#FFFFFF	unused
972	#D95F02	test
973	#1B9E77	train
974	#FFFFFF	unused
975	#D95F02	test
976	#FFFFFF	unused
977	#FFFFFF	unused
978	#FFFFFF	unused
979	#1B9E77	train
980	#1B9E77	train
981	#1B9E77	train
982	#1B9E77	train
983	#FFFFFF	unused
984	#D95F02	test
985	#D95F02	test
986	#FFFFFF	unused
987	#1B9E77	train
988	#1B9E77	train
989	#D95F02	test
990	#FFFFFF	unused
991	#D95F02	test
992	#1B9E77	train
993	#D95F02	test
994	#D95F02	test
995	#1B9E77	train
996	#1B9E77	train
997	#FFFFFF	unused
998	#1B9E77	train
999	#1B9E77	train
1000	#1B9E77	train
1001	#D95F02	test
1002	#1B9E77	train
1003	#FFFFFF	unused
1004	#D95F02	test
1005	#1B9E77	train
1006	#D95F02	test
1007	#D95F02	test
1008	#D95F02	test
1009	#1B9E77	train
1010	#D95F02	test
1011	#1B9E77	train
1012	#D95F02	test
1013	#FFFFFF	unused
1014	#1B9E77	train
1015	#1B9E77	train
1016	#D95F02	test
1017	#FFFFFF	unused
1018	#FFFFFF	unused
1019	#D95F02	test
1020	#FFFFFF	unused
1021	#FFFFFF	unused
1022	#FFFFFF	unused
1023	#D95F02	test
1024	#FFFFFF	unused
1025	#D95F02	test
1026	#D95F02	test
1027	#FFFFFF	unused
1028	#FFFFFF	unused
1029	#1B9E77	train
1030	#D95F02	test
1031	#D95F02	test
1032	#D95F02	test
1033	#D95F02	test
1034	#D95F02	test
1035	#1B9E77	train
1036	#FFFFFF	unused
1037	#D95F02	test
1038	#FFFFFF	unused
1039	#1B9E77	train
1040	#FFFFFF	unused
1041	#D95F02	test
1042	#FFFFFF	unused
1043	#1B9E77	train
1044	#D95F02	test
1045	#1B9E77	train
1046	#D95F02	test
1047	#FFFFFF	unused
1048	#FFFFFF	unused
1049	#FFFFFF	unused
1050	#1B9E77	train
1051	#FFFFFF	unused
1052	#D95F02	test
1053	#1B9E77	train
1054	#1B9E77	train
1055	#FFFFFF	unused
1056	#D95F02	test
1057	#1B9E77	train
1058	#1B9E77	train
1059	#D95F02	test
1060	#1B9E77	train
1061	#1B9E77	train
1062	#D95F02	test
1063	#1B9E77	train
1064	#FFFFFF	unused
1065	#D95F02	test
1066	#FFFFFF	unused
1067	#D95F02	test
1068	#1B9E77	train
1069	#D95F02	test
1070	#D95F02	test
1071	#FFFFFF	unused
1072	#FFFFFF	unused
1073	#D95F02	test
1074	#1B9E77	train
1075	#D95F02	test
1076	#FFFFFF	unused
1077	#1B9E77	train
1078	#D95F02	test
1079	#1B9E77	train
1080	#1B9E77	train
1081	#FFFFFF	unused
1082	#1B9E77	train
1083	#FFFFFF	unused
1084	#FFFFFF	unused
1085	#FFFFFF	unused
1086	#FFFFFF	unused
1087	#D95F02	test
1088	#FFFFFF	unused
1089	#1B9E77	train
1090	#D95F02	test
1091	#D95F02	test
1092	#D95F02	test
1093	#1B9E77	train
1094	#1B9E77	train
1095	#FFFFFF	unused
1096	#1B9E77	train
1097	#1B9E77	train
1098	#1B9E77	train
1099	#D95F02	test
1100	#FFFFFF	unused
1101	#FFFFFF	unused
1102	#1B9E77	train
1103	#D95F02	test
1104	#1B9E77	train
1105	#D95F02	test
1106	#1B9E77	train
1107	#D95F02	test
1108	#1B9E77	train
1109	#D95F02	test
1110	#FFFFFF	unused
1111	#1B9E77	train
1112	#D95F02	test
1113	#D95F02	test
1114	#D95F02	test
1115	#D95F02	test
1116	#FFFFFF	unused
1117	#1B9E77	train
1118	#1B9E77	train
1119	#D95F02	test
1120	#1B9E77	train
1121	#1B9E77	train
1122	#D95F02	test
1123	#FFFFFF	unused
1124	#D95F02	test
1125	#FFFFFF	unused
1126	#D95F02	test
1127	#FFFFFF	unused
1128	#D95F02	test
1129	#1B9E77	train
1130	#FFFFFF	unused
1131	#1B9E77	train
1132	#FFFFFF	unused
1133	#1B9E77	train
1134	#1B9E77	train
1135	#D95F02	test
1136	#D95F02	test
1137	#FFFFFF	unused
1138	#1B9E77	train
1139	#1B9E77	train
1140	#FFFFFF	unused
1141	#1B9E77	train
1142	#1B9E77	train
1143	#1B9E77	train
1144	#1B9E77	train
1145	#1B9E77	train
1146	#D95F02	test
1147	#D95F02	test
1148	#FFFFFF	unused
1149	#1B9E77	train
1150	#1B9E77	train
1151	#D95F02	test
1152	#FFFFFF	unused
1153	#1B9E77	train
1154	#1B9E77	train
1155	#FFFFFF	unused
1156	#D95F02	test
1157	#D95F02	test
1158	#D95F02	test
1159	#FFFFFF	unused
1160	#FFFFFF	unused
1161	#1B9E77	train
1162	#1B9E77	train
1163	#FFFFFF	unused
1164	#D95F02	test
1165	#D95F02	test
1166	#D95F02	test
1167	#FFFFFF	unused
1168	#FFFFFF	unused
1169	#D95F02	test
1170	#FFFFFF	unused
1171	#D95F02	test
1172	#1B9E77	train
1173	#1B9E77	train
1174	#1B9E77	train
1175	#D95F02	test
1176	#D95F02	test
1177	#1B9E77	train
1178	#1B9E77	train
1179	#D95F02	test
1180	#FFFFFF	unused
1181	#FFFFFF	unused
1182	#1B9E77	train
1183	#1B9E77	train
1184	#FFFFFF	unused
1185	#1B9E77	train
1186	#FFFFFF	unused
1187	#FFFFFF	unused
1188	#1B9E77	train
1189	#FFFFFF	unused
1190	#1B9E77	train
1191	#1B9E77	train
1192	#D95F02	test
1193	#FFFFFF	unused
1194	#D95F02	test
1195	#1B9E77	train
1196	#1B9E77	train
1197	#D95F02	test
1198	#D95F02	test
1199	#1B9E77	train
1200	#1B9E77	train
